l_lat,l_lon,c_lat,c_lon,_weight,_time
25.434608,121.564801,24.165392,120.662028,1,1
23.434999,121.564801,24.165392,120.662028,20,2
24.112312,121.564801,24.165392,120.662028,3,3
25.92731,121.564801,24.165392,120.662028,4,4
25.10305,122.564801,24.165392,120.662028,5,5
25.434608,121.564801,24.165392,120.662028,1,6
23.434999,121.564801,24.165392,120.662028,20,7
24.112312,121.564801,24.165392,120.662028,3,8
25.92731,121.564801,24.165392,120.662028,4,9
25.10305,122.564801,24.165392,120.662028,5,10